{"cameraMode":{"drawMode":0,"name":"Shaded","section":"Shading Mode"},"sceneLighting":false,"audioPlay":false,"sceneViewState":{"m_AlwaysRefresh":false,"showFog":false,"showSkybox":false,"showFlares":false,"showImageEffects":false,"showParticleSystems":false,"showVisualEffectGraphs":true,"m_FxEnabled":true},"in2DMode":false,"pivot":{"x":-0.01692986488342285,"y":0.7480186820030212,"z":0.06450749933719635},"rotation":{"x":0.01255523320287466,"y":0.969310998916626,"z":-0.24029114842414857,"w":0.05063808709383011},"size":0.7651785612106323,"orthographic":false}