{"cameraMode":{"drawMode":0,"name":"Shaded","section":"Shading Mode"},"sceneLighting":false,"audioPlay":false,"sceneViewState":{"m_AlwaysRefresh":false,"showFog":true,"showSkybox":false,"showFlares":true,"showImageEffects":true,"showParticleSystems":true,"showVisualEffectGraphs":true,"m_FxEnabled":true},"in2DMode":false,"pivot":{"x":0.020441055297851564,"y":0.7635954022407532,"z":0.3753812909126282},"rotation":{"x":-0.2100456953048706,"y":-0.4468685984611511,"z":0.10879181325435639,"w":-0.8627675175666809},"size":1.3815160989761353,"orthographic":false}